,Metric,Current Calculation,BVP Dataset Calculation
0,Heart Rate,74.0506329113924,81.53690596562184
1,SDNN,0.21083930043295243,0.10651061807650233
2,RMSSD,0.3224540404261273,0.06470712262765205
3,BSI,1.396079896062009,2.8512923051070036
4,LF/HF Ratio,0.6064595695987828,6.962535178277572
